<?xml version="1.0" ?>
   <package name="Display">
      <head>
         C:\Users\Ider\Project\SU\CSE687-OOD\Programs\Assigments\Project #3\DependencyGraphFacility\DependencyGraphFacility\Display.h
      </head>
      <implement>
         C:\Users\Ider\Project\SU\CSE687-OOD\Programs\Assigments\Project #3\DependencyGraphFacility\DependencyGraphFacility\Display.cpp
      </implement>
      <references>
         <reference name="Graph">
            Graph.h
         </reference>
         <reference name="Display">
            Display.h
         </reference>
      </references>
   </package>

