<?xml version="1.0" ?>
   <package name="Executive">
      <head>
         C:\Users\Ider\Project\SU\CSE687-OOD\Programs\Assigments\Project #3\DependencyGraphFacility\DependencyGraphFacility\Executive.h
      </head>
      <implement>
         C:\Users\Ider\Project\SU\CSE687-OOD\Programs\Assigments\Project #3\DependencyGraphFacility\DependencyGraphFacility\Executive.cpp
      </implement>
      <references>
         <reference name="Graph">
            Graph.h
         </reference>
         <reference name="TEST">
            TEST.h
         </reference>
         <reference name="Executive">
            Executive.h
         </reference>
         <reference name="GraphAlgorithm">
            GraphAlgorithm.h
         </reference>
         <reference name="Display">
            Display.h
         </reference>
         <reference name="StrongComponents">
            StrongComponents.h
         </reference>
      </references>
   </package>

