<?xml version="1.0" ?>
   <package name="Main">
      <implement>
         C:\Users\Ider\Project\SU\CSE687-OOD\Programs\Assigments\Project #3\DependencyGraphFacility\DependencyGraphFacility\Main.cpp
      </implement>
      <references>
         <reference name="MetaNavigator">
            MetaNavigator.h
         </reference>
         <reference name="FileSystem">
            FileSystem.h
         </reference>
         <reference name="Executive">
            Executive.h
         </reference>
         <reference name="Display">
            Display.h
         </reference>
      </references>
   </package>

