<?xml version="1.0" ?>
   <package name="MetaManager">
      <head>
         C:\Users\Ider\Project\SU\CSE687-OOD\Programs\Assigments\Project #2\XmlMetadataManager\MetaManager.h
      </head>
      <implement>
         C:\Users\Ider\Project\SU\CSE687-OOD\Programs\Assigments\Project #2\XmlMetadataManager\MetaManager.cpp
      </implement>
      <references>
         <reference name="IIncludes">
            IIncludes.h
         </reference>
         <reference name="MetaGenerator">
            MetaGenerator.h
         </reference>
         <reference name="MetaNavigator">
            MetaNavigator.h
         </reference>
         <reference name="PackageInfo">
            PackageInfo.h
         </reference>
         <reference name="Includes">
            Includes.h
         </reference>
         <reference name="MetaManager">
            MetaManager.h
         </reference>
      </references>
   </package>

