<?xml version="1.0" ?>
   <package name="MetaNavigator">
      <head>
         C:\Users\Ider\Project\SU\CSE687-OOD\Programs\Assigments\Project #2\XmlMetadataManager\MetaNavigator.h
      </head>
      <implement>
         C:\Users\Ider\Project\SU\CSE687-OOD\Programs\Assigments\Project #2\XmlMetadataManager\MetaNavigator.cpp
      </implement>
      <references>
         <reference name="xmlTran">
            xmlTran.h
         </reference>
         <reference name="MetaNavigator">
            MetaNavigator.h
         </reference>
      </references>
   </package>

