<?xml version="1.0" ?>
   <package name="Printers">
      <head>
         C:\Users\Ider\Project\SU\CSE687-OOD\Programs\Assigments\Project #3\DependencyGraphFacility\DependencyGraphFacility\Printers.h
      </head>
      <implement>
         C:\Users\Ider\Project\SU\CSE687-OOD\Programs\Assigments\Project #3\DependencyGraphFacility\DependencyGraphFacility\Printers.cpp
      </implement>
      <references>
         <reference name="Graph">
            Graph.h
         </reference>
         <reference name="Printers">
            Printers.h
         </reference>
      </references>
   </package>

