<?xml version="1.0" encoding="UTF-8"?><?xml-stylesheet type='text/xsl' href='_UpgradeReport_Files/UpgradeReport.xslt'?><UpgradeLog>
<Properties><Property Name="Solution" Value="XmlProcessing">
</Property><Property Name="Solution File" Value="C:\Users\jim\Desktop\SocketCommunicatorSp10\XmlDocument\XmlProcessing.sln">
</Property><Property Name="Date" Value="Wednesday, April 06, 2011">
</Property><Property Name="Time" Value="18:21 PM">
</Property></Properties><Event ErrorLevel="0" Project="Tokenizer" Source="Tokenizer\Tokenizer.vcproj" Description="Converting project file 'C:\Users\jim\Desktop\SocketCommunicatorSp10\XmlDocument\Tokenizer\Tokenizer.vcproj'.">
</Event><Event ErrorLevel="1" Project="Tokenizer" Source="Tokenizer\Tokenizer.vcproj" Description="VCWebServiceProxyGeneratorTool is no longer supported. The tool has been removed from your project settings.">
</Event><Event ErrorLevel="1" Project="Tokenizer" Source="Tokenizer\Tokenizer.vcproj" Description="Attribute 'Detect64BitPortabilityProblems' of 'VCCLCompilerTool' is not supported in this version and has been removed during conversion.">
</Event><Event ErrorLevel="1" Project="Tokenizer" Source="Tokenizer\Tokenizer.vcproj" Description="Attribute 'Detect64BitPortabilityProblems' of 'VCCLCompilerTool' is not supported in this version and has been removed during conversion.">
</Event><Event ErrorLevel="0" Project="Tokenizer" Source="Tokenizer\Tokenizer.vcproj" Description="Done converting to new project file 'C:\Users\jim\Desktop\SocketCommunicatorSp10\XmlDocument\Tokenizer\Tokenizer.vcxproj'.">
</Event><Event ErrorLevel="3" Project="Tokenizer" Source="Tokenizer\Tokenizer.vcproj" Description="Converted">
</Event><Event ErrorLevel="0" Project="XmlElementParts" Source="XmlElementParts\XmlElementParts.vcproj" Description="Converting project file 'C:\Users\jim\Desktop\SocketCommunicatorSp10\XmlDocument\XmlElementParts\XmlElementParts.vcproj'.">
</Event><Event ErrorLevel="1" Project="XmlElementParts" Source="XmlElementParts\XmlElementParts.vcproj" Description="VCWebServiceProxyGeneratorTool is no longer supported. The tool has been removed from your project settings.">
</Event><Event ErrorLevel="0" Project="XmlElementParts" Source="XmlElementParts\XmlElementParts.vcproj" Description="Done converting to new project file 'C:\Users\jim\Desktop\SocketCommunicatorSp10\XmlDocument\XmlElementParts\XmlElementParts.vcxproj'.">
</Event><Event ErrorLevel="3" Project="XmlElementParts" Source="XmlElementParts\XmlElementParts.vcproj" Description="Converted">
</Event><Event ErrorLevel="0" Project="XmlParserPrototype" Source="XmlParserPrototype\XmlParserPrototype.vcproj" Description="Converting project file 'C:\Users\jim\Desktop\SocketCommunicatorSp10\XmlDocument\XmlParserPrototype\XmlParserPrototype.vcproj'.">
</Event><Event ErrorLevel="1" Project="XmlParserPrototype" Source="XmlParserPrototype\XmlParserPrototype.vcproj" Description="VCWebServiceProxyGeneratorTool is no longer supported. The tool has been removed from your project settings.">
</Event><Event ErrorLevel="0" Project="XmlParserPrototype" Source="XmlParserPrototype\XmlParserPrototype.vcproj" Description="Done converting to new project file 'C:\Users\jim\Desktop\SocketCommunicatorSp10\XmlDocument\XmlParserPrototype\XmlParserPrototype.vcxproj'.">
</Event><Event ErrorLevel="3" Project="XmlParserPrototype" Source="XmlParserPrototype\XmlParserPrototype.vcproj" Description="Converted">
</Event><Event ErrorLevel="0" Project="MTree" Source="MTree\MTree.vcproj" Description="Converting project file 'C:\Users\jim\Desktop\SocketCommunicatorSp10\XmlDocument\MTree\MTree.vcproj'.">
</Event><Event ErrorLevel="1" Project="MTree" Source="MTree\MTree.vcproj" Description="VCWebServiceProxyGeneratorTool is no longer supported. The tool has been removed from your project settings.">
</Event><Event ErrorLevel="0" Project="MTree" Source="MTree\MTree.vcproj" Description="Done converting to new project file 'C:\Users\jim\Desktop\SocketCommunicatorSp10\XmlDocument\MTree\MTree.vcxproj'.">
</Event><Event ErrorLevel="3" Project="MTree" Source="MTree\MTree.vcproj" Description="Converted">
</Event><Event ErrorLevel="0" Project="XmlNode" Source="XmlNode\XmlNode.vcproj" Description="Converting project file 'C:\Users\jim\Desktop\SocketCommunicatorSp10\XmlDocument\XmlNode\XmlNode.vcproj'.">
</Event><Event ErrorLevel="1" Project="XmlNode" Source="XmlNode\XmlNode.vcproj" Description="VCWebServiceProxyGeneratorTool is no longer supported. The tool has been removed from your project settings.">
</Event><Event ErrorLevel="0" Project="XmlNode" Source="XmlNode\XmlNode.vcproj" Description="Done converting to new project file 'C:\Users\jim\Desktop\SocketCommunicatorSp10\XmlDocument\XmlNode\XmlNode.vcxproj'.">
</Event><Event ErrorLevel="3" Project="XmlNode" Source="XmlNode\XmlNode.vcproj" Description="Converted">
</Event><Event ErrorLevel="0" Project="TestExecutive" Source="TestExecutive\TestExecutive.vcproj" Description="Converting project file 'C:\Users\jim\Desktop\SocketCommunicatorSp10\XmlDocument\TestExecutive\TestExecutive.vcproj'.">
</Event><Event ErrorLevel="1" Project="TestExecutive" Source="TestExecutive\TestExecutive.vcproj" Description="VCWebServiceProxyGeneratorTool is no longer supported. The tool has been removed from your project settings.">
</Event><Event ErrorLevel="0" Project="TestExecutive" Source="TestExecutive\TestExecutive.vcproj" Description="Done converting to new project file 'C:\Users\jim\Desktop\SocketCommunicatorSp10\XmlDocument\TestExecutive\TestExecutive.vcxproj'.">
</Event><Event ErrorLevel="3" Project="TestExecutive" Source="TestExecutive\TestExecutive.vcproj" Description="Converted">
</Event><Event ErrorLevel="0" Project="MNode" Source="MNode\MNode.vcproj" Description="Converting project file 'C:\Users\jim\Desktop\SocketCommunicatorSp10\XmlDocument\MNode\MNode.vcproj'.">
</Event><Event ErrorLevel="1" Project="MNode" Source="MNode\MNode.vcproj" Description="VCWebServiceProxyGeneratorTool is no longer supported. The tool has been removed from your project settings.">
</Event><Event ErrorLevel="0" Project="MNode" Source="MNode\MNode.vcproj" Description="Done converting to new project file 'C:\Users\jim\Desktop\SocketCommunicatorSp10\XmlDocument\MNode\MNode.vcxproj'.">
</Event><Event ErrorLevel="3" Project="MNode" Source="MNode\MNode.vcproj" Description="Converted">
</Event><Event ErrorLevel="0" Project="TestExecUsesStaticLib" Source="TestExecUsesStaticLib\TestExecUsesStaticLib.vcproj" Description="Converting project file 'C:\Users\jim\Desktop\SocketCommunicatorSp10\XmlDocument\TestExecUsesStaticLib\TestExecUsesStaticLib.vcproj'.">
</Event><Event ErrorLevel="1" Project="TestExecUsesStaticLib" Source="TestExecUsesStaticLib\TestExecUsesStaticLib.vcproj" Description="VCWebServiceProxyGeneratorTool is no longer supported. The tool has been removed from your project settings.">
</Event><Event ErrorLevel="0" Project="TestExecUsesStaticLib" Source="TestExecUsesStaticLib\TestExecUsesStaticLib.vcproj" Description="Done converting to new project file 'C:\Users\jim\Desktop\SocketCommunicatorSp10\XmlDocument\TestExecUsesStaticLib\TestExecUsesStaticLib.vcxproj'.">
</Event><Event ErrorLevel="3" Project="TestExecUsesStaticLib" Source="TestExecUsesStaticLib\TestExecUsesStaticLib.vcproj" Description="Converted">
</Event><Event ErrorLevel="0" Project="" Source="XmlProcessing.sln" Description="Solution converted successfully">
</Event><Event ErrorLevel="3" Project="" Source="XmlProcessing.sln" Description="Converted">
</Event></UpgradeLog>